,2012.12,2013.01,2013.02,2013.03,2013.04,2013.05,2013.06,2013.07,2013.08,2013.09,2013.10,2013.11,2013.12,2014.01,2014.02,2014.03,2014.04,2014.05,2014.06,2014.07,2014.08,2014.09,2014.10,2014.11,2014.12,2015.01,2015.02,2015.03,2015.04,2015.05,2015.06,2015.07,2015.08,2015.09,2015.10,2015.11,2015.12,2016.01,2016.02,2016.03,2016.04,2016.05,2016.06,2016.07,2016.08,2016.09,2016.10,2016.11,2016.12,2017.01,2017.02,2017.03
0,당선인(0.641),당선인(0.631),당선인(0.457),방송(0.275),공단(0.199),문제(0.199),국정원(0.306),국정원(0.363),국정원(0.395),총장(0.324),검찰(0.193),감사원(0.192),국정원(0.183),북한(0.228),학습(0.175),선거(0.199),공천(0.243),세월호(0.339),문화재(0.427),통일(0.364),작가(0.235),뱃(0.29),총재(0.442),독도(0.252),문건(0.245),대화(0.239),골프(0.231),미국(0.256),총리(0.309),관계(0.209),메르스(0.387),노동(0.257),임금피크제(0.322),청년(0.239),교과서(0.344),언어(0.149),무기(0.23),선거구(0.236),고용(0.243),합병(0.228),총선(0.264),원내대표(0.219),공항(0.201),사드(0.393),사드(0.432),재단(0.335),최순실(0.297),탄핵(0.304),탄핵(0.57),시민(0.211),특검(0.288),탄핵(0.572)
1,통합(0.151),인수(0.138),후보자(0.165),인사(0.205),신문(0.198),대변인(0.173),공개(0.174),공단(0.192),문제(0.163),국정원(0.266),대입(0.168),전공(0.176),개혁(0.159),경제(0.215),통일(0.158),위장전입(0.174),북한(0.221),인사(0.16),지방(0.289),한은(0.201),세월호(0.221),송(0.22),국감(0.224),김영란(0.194),검찰(0.211),문건(0.173),인권위(0.227),특보(0.221),성완종(0.277),교육(0.192),국회법(0.231),대표(0.169),사면(0.177),펀드(0.192),국정(0.242),민주노총(0.135),한국(0.223),새누리당(0.164),청년(0.192),테이(0.199),노조(0.188),거부권(0.199),추경(0.193),수석(0.271),배치(0.215),사드(0.247),재단(0.284),최순실(0.288),최순실(0.207),특검(0.196),대행(0.288),촛불(0.407)
2,수위(0.143),지명자(0.134),질환(0.141),헌재(0.148),개성(0.187),윤(0.156),남북정상회담(0.144),과학(0.188),상봉(0.15),검찰(0.262),정치(0.162),문화재(0.176),강(0.156),원전(0.189),복당(0.156),문제(0.168),실종자(0.211),방송(0.155),선거(0.279),해경(0.192),경제(0.172),담(0.211),북한(0.208),실업(0.172),경정(0.178),정책(0.152),영화(0.213),한국(0.18),수사(0.19),동아일보(0.152),요금(0.175),청년(0.167),노동(0.172),중국(0.18),역사(0.182),어린이집(0.13),대표(0.184),회담(0.149),빈곤(0.182),인권(0.192),노동(0.185),국회(0.181),신자유주의(0.165),배치(0.179),수석(0.181),전경련(0.176),최(0.28),국정(0.278),시민(0.194),최순실(0.19),탄핵(0.225),태극기(0.28)
3,대선(0.128),문제(0.127),검찰(0.141),장학금(0.14),낙하산(0.157),북한(0.148),문제(0.126),취득세(0.186),민주당(0.15),인척(0.153),국정원(0.159),해산(0.158),규탄(0.154),번호(0.178),재심(0.147),정책(0.15),세월호(0.208),피아(0.152),세월호(0.205),사장(0.162),출판(0.157),세월호(0.184),남북(0.192),법(0.153),정(0.165),북한(0.152),인권(0.173),전단(0.174),경남기업(0.173),해제(0.15),원내대표(0.155),편지(0.151),입찰(0.17),장병(0.161),이사장(0.151),수저(0.125),경제(0.155),대표(0.148),살생(0.157),청년(0.18),민의(0.147),총선(0.172),복당(0.159),의원(0.174),대표(0.173),특별감찰관(0.173),미르재단(0.201),시민(0.249),국정(0.173),재벌(0.171),최순실(0.189),집회(0.217)
4,당선자(0.116),헌재(0.125),경제(0.14),방통(0.132),한은(0.145),성추행(0.143),회의(0.126),문제(0.163),이산가족(0.145),정치(0.13),문제(0.159),문제(0.158),의원(0.142),신년사(0.159),선행(0.146),행장(0.138),침몰(0.198),참사(0.146),지명자(0.173),경제(0.151),유언비어(0.156),전교조(0.15),김(0.161),징계(0.152),정윤회(0.158),새정치연합(0.131),인사(0.149),미(0.163),어린이집(0.132),발전소(0.147),거부권(0.155),감사원(0.15),담합(0.166),한국(0.147),미국(0.147),역사(0.123),문(0.138),유성기업(0.148),노인(0.153),북한(0.179),원청(0.147),당(0.17),문제(0.144),우(0.156),우병우(0.158),북한(0.151),개헌(0.191),촛불(0.222),촛불(0.146),부회장(0.171),수사(0.183),수구(0.168)
5,민주당(0.113),수위(0.123),인사(0.126),정수장학회(0.116),레일(0.135),미(0.135),진주(0.122),세종(0.144),증세(0.141),채(0.129),국적(0.143),감사원장(0.152),행장(0.139),이씨(0.155),규제(0.14),국정원(0.131),선장(0.18),전관예우(0.136),수리(0.166),금리(0.146),북한(0.142),총재(0.145),전단(0.151),원안(0.146),문화부(0.157),남북(0.13),후보자(0.144),외교(0.15),사면(0.124),남북(0.146),유(0.143),개혁(0.148),청년(0.153),미국(0.131),장관(0.136),말(0.122),집회(0.127),의료(0.145),고령(0.126),공천(0.158),경제(0.144),친박(0.165),원(0.132),말(0.152),우(0.144),핵(0.139),국정(0.188),최(0.168),대행(0.139),정당(0.17),부회장(0.169),세력(0.151)
6,인수(0.113),국민(0.111),여성(0.118),통합(0.114),문제(0.133),어린이(0.125),북한(0.114),정치(0.132),공단(0.138),경제(0.121),총장(0.142),포스코(0.145),유서(0.136),대화(0.149),연금(0.139),지방(0.129),문제(0.172),검찰(0.133),교육감(0.124),이사회(0.139),관광(0.141),인사(0.123),고위급(0.138),청탁(0.143),수사(0.157),문화부(0.128),충청(0.134),사드(0.142),정치(0.11),포럼(0.126),행사(0.138),고용(0.145),여사(0.153),통일(0.123),기술(0.131),한국(0.122),법관(0.126),자(0.14),축하(0.126),중산층(0.156),노동자(0.14),새누리당(0.14),국회(0.122),시민(0.121),의원(0.125),미르재단(0.127),수사(0.165),퇴진(0.158),친박(0.133),교과서(0.149),국정(0.154),반대(0.115)
7,인사(0.111),후보자(0.105),공약(0.111),내정자(0.113),진주(0.123),임을 위한 행진곡(0.122),성폭력(0.111),수정(0.13),개성(0.134),물질(0.119),수사(0.132),집회(0.142),새누리당(0.136),증세(0.147),경제(0.131),매입(0.124),개조(0.166),사장(0.129),사장(0.117),부동산(0.136),얼(0.118),문제(0.123),대화(0.122),일자리(0.13),유출(0.155),김(0.122),언론(0.128),주년(0.129),문제(0.11),전력(0.121),전기(0.133),국회(0.128),노동자(0.137),대표(0.114),고용(0.131),사회(0.117),공안(0.125),공천(0.138),누리(0.125),일자리(0.147),하청(0.139),청문회(0.124),북한(0.112),의혹(0.114),수사(0.124),스포츠(0.121),스포츠(0.16),개헌(0.154),국회(0.128),탄핵(0.14),단(0.152),3·1절(0.112)
8,중소기업(0.108),말(0.099),복지(0.111),미래(0.113),경제(0.122),학기(0.117),새누리당(0.103),원내(0.127),복지(0.129),채동욱(0.113),북한(0.123),수사(0.14),지역구(0.128),남북(0.14),대우건설(0.129),경선(0.124),기초(0.161),검사(0.121),청(0.117),인하(0.135),참사(0.117),세(0.12),인사(0.12),전단(0.128),비서관(0.139),회유(0.115),영(0.124),인사(0.121),원자력(0.11),외교(0.116),시행령(0.132),새누리당(0.118),건설사(0.132),노조(0.11),문제(0.119),경제(0.117),총선(0.124),국회(0.132),비정규직(0.123),경제(0.145),가계부채(0.13),회동(0.108),총선(0.109),추경(0.112),야당(0.123),설립(0.118),의혹(0.155),검찰(0.148),새누리당(0.118),면세점(0.129),삼성(0.146),최순실(0.103)
9,교육감(0.104),검찰(0.099),문제(0.109),물가(0.111),북한(0.122),안전사고(0.109),암(0.103),공약(0.126),정치(0.128),문제(0.111),근로(0.121),국회(0.134),호주(0.128),시험(0.131),원(0.123),정치(0.124),사고(0.152),총리(0.116),심판(0.11),방송(0.131),영어(0.117),증세(0.119),살포(0.119),인사(0.122),찌라시(0.13),경제(0.111),검사(0.118),겸직(0.121),리스트(0.104),규제(0.112),남북(0.13),여사(0.118),학습(0.125),국민(0.109),한국(0.119),총선(0.113),반론(0.121),공항(0.117),경제(0.122),재산(0.144),말(0.121),국회법(0.106),새누리당(0.103),방어(0.112),문제(0.122),의혹(0.115),검찰(0.127),수사(0.115),의원(0.115),광장(0.126),황(0.136),광장(0.099)
10,경제(0.095),경제(0.098),장관(0.109),금융(0.108),등기(0.12),벤처기업(0.104),의료(0.102),회의(0.119),세법(0.125),증세(0.095),중산층(0.108),국정원(0.13),특검(0.113),폐지(0.116),인사(0.115),통일(0.12),선거(0.133),선거(0.114),내정자(0.109),후보(0.13),특별법(0.117),수업(0.118),통일(0.114),시간(0.12),국정(0.122),국정(0.109),국정(0.117),사외이사(0.113),재정(0.103),한국(0.11),의원(0.126),일자리(0.113),문제(0.12),외교(0.109),검정(0.101),교수(0.113),험지(0.119),경제(0.116),교육청(0.12),시장(0.132),새누리당(0.119),재의(0.105),경제(0.101),한국(0.111),말(0.116),모금(0.108),새누리당(0.125),교과서(0.107),개헌(0.113),정권(0.121),헌재(0.134),미래(0.088)
11,정권(0.086),4대강(0.095),연금(0.101),후보자(0.107),입국(0.109),동맹(0.103),국가(0.096),공방(0.115),무상급식(0.119),민주당(0.095),인사(0.104),단체(0.128),대선(0.108),문제(0.114),공무원(0.112),경제(0.11),사과(0.132),국민(0.11),국보(0.107),경기(0.123),병원(0.117),수석(0.116),파업(0.097),경제(0.106),경제(0.12),신년사(0.108),진위(0.113),편중(0.11),선발(0.102),과거사(0.103),국회(0.126),원내대표(0.111),노조(0.108),교육과정(0.108),정권(0.1),정치(0.113),국민(0.111),국민(0.112),김종인(0.116),뉴스(0.13),재정(0.112),가습기 살균제(0.105),말(0.101),검찰(0.106),중국(0.108),해임(0.108),국감(0.123),말(0.106),게이트(0.108),정치(0.113),농(0.133),가치(0.073)
12,신화(0.085),인선(0.094),국민(0.101),문제(0.104),코(0.109),사건(0.103),민주당(0.094),국회(0.112),사면(0.112),기업(0.094),대선(0.102),검찰(0.126),상설(0.105),국민(0.11),청장(0.109),비료(0.109),책임(0.126),후보자(0.106),새정치연합(0.104),세월호(0.12),활성(0.115),교사(0.11),접촉(0.093),금융(0.099),인방(0.12),민정(0.108),의원(0.113),안보(0.108),대출(0.101),수요(0.101),개정안(0.117),기업(0.107),북한(0.107),전승(0.107),청년(0.093),기술(0.11),구조조정(0.103),말(0.112),디딤돌(0.115),포인트(0.12),국민의당(0.109),민의(0.103),밀양(0.101),미사일(0.106),대우건설(0.107),대표(0.108),설립(0.112),민심(0.105),말(0.107),국정(0.106),연장(0.122),만세(0.066)
13,국민(0.083),사업(0.073),헌재(0.099),공정거래위(0.1),정치(0.105),한(0.097),재산(0.093),원본(0.109),해양(0.109),권력(0.092),추모(0.101),글(0.122),예산(0.102),통일(0.106),기업(0.106),규제(0.096),안전(0.124),수사(0.096),방송(0.103),준비위(0.118),정치(0.115),이씨(0.105),공항(0.092),검찰(0.096),인사(0.12),말(0.107),지역주의(0.111),평화(0.098),정책(0.1),세계(0.098),관계(0.107),문제(0.102),논문(0.104),문제(0.103),검인정(0.091),계급(0.108),금리(0.103),현대차(0.109),간접(0.108),여성(0.118),연봉(0.107),세율(0.102),등재(0.1),문제(0.098),환경부(0.092),말(0.097),실세(0.104),단(0.105),최(0.104),촛불(0.099),교과서(0.115),박사모(0.066)
14,교육(0.079),공약(0.07),안(0.094),정부조직법(0.1),의료(0.105),여성(0.094),파일(0.09),세수(0.108),회담(0.108),예산(0.091),때문(0.101),인사(0.121),서울대(0.102),공천(0.102),국민(0.105),지원(0.096),국민(0.112),관(0.095),국정(0.098),관계(0.104),법안(0.115),인상(0.102),낙하산(0.089),출신(0.096),의혹(0.112),경위(0.103),비서실장(0.108),한(0.092),대학(0.099),홍보(0.097),매뉴얼(0.1),연정(0.102),대학(0.103),경제(0.098),사업(0.091),사업(0.105),말(0.102),법(0.107),공공(0.107),이상(0.111),금리(0.104),정원(0.1),의장(0.096),감찰(0.096),조선일보(0.09),연봉(0.096),시민(0.096),농(0.104),퇴진(0.101),역사(0.094),문진(0.105),반동(0.066)
15,말(0.079),총장(0.065),민주화(0.092),정치(0.097),연(0.095),한반도(0.093),대화(0.09),태(0.105),식품(0.101),역사(0.091),국가(0.099),군(0.115),세수(0.102),민주화(0.098),무죄(0.102),출마(0.095),구조(0.104),문제(0.094),참사(0.097),부적(0.103),검찰(0.107),연맹(0.101),출석(0.088),개정안(0.093),연금(0.104),수사(0.095),건수(0.105),배치(0.091),새정치연합(0.096),화해(0.097),공동(0.095),새정치연합(0.1),남북(0.103),소득(0.096),말(0.089),도쿄(0.103),대회(0.1),부산대(0.103),법안(0.099),정책(0.108),국회(0.101),야당(0.098),국회법(0.094),국가(0.093),상법(0.09),원(0.096),말(0.092),삼성(0.097),당(0.091),개혁(0.093),시민(0.1),시민주권(0.066)
16,국민대(0.075),소장(0.063),국정(0.088),가격(0.097),이사(0.094),혜택(0.093),녹취(0.089),경제(0.097),4대강(0.098),재계(0.089),지원(0.096),정치(0.113),대필(0.098),주민(0.097),대책(0.1),후보(0.095),금융(0.101),사고(0.091),새누리당(0.093),격자(0.103),수사(0.105),원(0.095),철도(0.087),고용(0.092),과장(0.102),정권(0.094),이완구(0.097),출신(0.088),노사정(0.096),장관(0.094),국가(0.093),말(0.097),고용(0.103),노동운동(0.095),감청(0.088),국민(0.099),유치원(0.096),법안(0.102),정책(0.095),가구(0.107),개혁(0.096),정(0.098),공기업(0.093),검사장(0.086),성주(0.085),국감(0.093),수석(0.09),야당(0.084),농(0.091),스포츠(0.089),검사(0.1),봄(0.066)
17,선거(0.074),정치(0.063),정책(0.087),야당(0.097),우경화(0.093),이번(0.092),이번(0.088),단가(0.092),감면(0.097),정권(0.089),사실(0.093),국가(0.111),검찰(0.096),감축(0.096),문제(0.095),한(0.094),말(0.098),대변인(0.091),자치(0.091),재계(0.099),경축사(0.104),보도(0.093),관계(0.084),야당(0.091),기업인(0.101),정윤회(0.094),임용(0.097),부정부패(0.088),노동(0.095),양국(0.093),양국(0.091),국회법(0.094),담화(0.102),세입자(0.095),전투기(0.088),일본(0.098),문제(0.092),서명운동(0.102),증가(0.092),통계청(0.099),공공(0.096),경제(0.097),한국(0.091),투표(0.086),지분(0.085),수석(0.091),기업(0.09),스포츠(0.082),단(0.089),뇌물(0.088),재벌(0.098),몸부림(0.066)
18,후보(0.073),김(0.061),수사(0.079),안보(0.095),투표(0.09),증세(0.091),촛불(0.088),교육감(0.086),개혁(0.097),한국사(0.088),개입(0.092),후보자(0.102),문제(0.089),수능(0.096),환경부(0.093),한은(0.092),위장전입(0.097),말(0.09),총리(0.091),기업(0.096),남북(0.101),등록금(0.093),적십자(0.083),변호사(0.089),문고리(0.1),수석(0.089),총장(0.095),부패(0.082),경제(0.094),한(0.092),선언(0.09),논의(0.094),현대차(0.1),기업(0.092),카카오(0.086),노동(0.097),정책(0.087),대만(0.102),감사(0.092),만원(0.096),암(0.093),20대(0.097),친박(0.091),외교(0.082),특별감찰관(0.084),국회(0.09),단(0.088),게이트(0.082),가결(0.084),최(0.087),수석(0.088),여와(0.066)
19,윤(0.073),원(0.061),인권위(0.079),검사(0.092),기업(0.089),윤창중(0.087),한반도(0.087),개혁(0.085),때문(0.093),교과서(0.087),국가보훈처(0.088),사업(0.101),재심(0.087),검찰(0.09),낙하산(0.093),성장(0.091),참사(0.095),책임(0.09),형법(0.09),구성원(0.095),저작권(0.101),세수(0.087),사장(0.077),말(0.088),장관(0.099),소득(0.089),국민(0.091),러시아(0.082),이완구(0.093),국민(0.092),에너지(0.087),정치(0.092),선행(0.097),방중(0.09),사실(0.085),교과서(0.097),신용등급(0.086),총선(0.101),수석(0.091),정치(0.096),파괴(0.093),의원(0.092),영국(0.091),청년(0.08),새누리당(0.084),대응(0.088),농(0.087),대표(0.081),정치(0.082),재단(0.086),정치(0.087),보수(0.065)
